Estació,Altitud (m),T(ºC),T mín (ºC),T màx (ºC),Punt rosada (ºC),Wind Chill (ºC),Humetat relativa %,Precip Dia (mm),Intensitat precip,Vent (km/h),Direcció vent,Màxim vent (km/h)
Portell de Morella,1.074 +11,4.9,-5.9,4.9,-3.0,,57,0.0,0.0,3,NO,16
Sorita,626 +2,5.9,-9.1,5.9,-1.6,4.2,59,0.0,0.0,8,NNE,15
Vallibona,644 +2,6.7,-2.7,6.8,-2.0,3.7,54,0.0,0.0,16,N,37
Vistabella del MaestratSant Joan de Penyagolosa,1.285 +10,3.6,-10.8,4.4,-8.6,0.4,41,0.0,0.0,13,SO,19
la Pobla de BenifassàCoratxà,1.231 +2,0.2,-5.2,0.2,-4.1,-4.4,73,0.0,0.0,16,NNO,34
Castelló de la PlanaIlles Columbretes,42 +4,10.9,7.8,11.3,1.6,,53,0.0,0.0,6,ONO,32
TorreblancaTorrenostra PN el Prat,0 +2,10.6,1.6,11.9,1.1,,52,0.0,0.0,8,SSE,37
Aín,510 +2,9.8,-2.6,9.9,-2.3,9.1,43,0.0,0.0,6,ENE,13
Torás,773 +14,8.3,-2.1,8.3,-4.3,,41,0.0,0.0,2,SE,39
Cirat,374 +2,11.2,-3.8,11.2,-2.7,,38,0.0,0.0,3,SE,21
Villamalur,637 +9,7.1,-1.0,7.1,-3.0,5.2,49,0.0,0.0,10,NE,21
CastielfabibArroyo Cerezo,1.312 +2,3.7,-9.4,3.7,-3.4,,60,0.0,0.0,5,E,13
Puebla de San Miguel,1.110 +4,4.4,-6.7,4.4,-4.4,2.4,53,0.0,0.0,8,SO,13
TitaguasCosmofísica,826 +12,6.0,-4.2,6.0,-6.1,,42,0.0,0.0,0,O,23
Gàtova,578 +15,8.6,-3.2,8.6,-2.8,,45,0.0,0.0,5,SSE,19
Manisesla Presa,60 +2,12.1,-0.4,12.1,3.3,,55,0.0,0.0,0,ESE,3
RequenaCasas del Río,355 +2,10.0,-3.6,10.0,0.2,,51,0.0,0.0,8,NE,15
RequenaFinca San Blas,645 +2,7.8,-7.0,7.8,-0.5,5.1,56,0.0,0.0,16,O,21
AioraSan Benito,671 +2,8.3,-5.1,8.4,1.4,6.7,62,0.0,0.0,10,SSE,15
AioraLa Hunde,928 +2,6.3,-3.8,6.3,-1.7,5.1,57,0.0,0.0,6,NNE,21
Cortes de PallarsVenta de Gaeta,665 +8,6.8,-3.7,6.8,-1.5,5.7,56,0.0,0.0,6,NO,21
la Barraca d′Aigües Vives,88 +20,9.9,1.0,9.9,7.5,,85,0.2,0.2,0,S,15
ÉngueraEl Transformador,751 +2,9.4,-1.2,9.5,,,55,0.0,0.0,,,
BicorbLos Botijos,519 +7,9.1,-4.3,9.2,-0.9,,50,0.2,0.2,3,NO,19
BocairentCàmping Mariola,888 +2,6.2,-4.5,6.3,-0.2,,64,0.0,0.0,3,ONO,11
Pinet,347 +12,7.6,0.3,7.6,6.5,6.6,93,0.0,0.0,6,SSO,18
GandiaParpalló-Borrell,385,8.1,0.0,8.1,3.9,,75,0.2,0.2,0,SO,13
Fageca,778 +2,7.0,-2.0,7.0,2.4,5.9,73,0.0,0.0,6,SO,15
el Fondó dels Frares,413 +2,10.7,-5.2,11.3,1.2,,52,0.0,0.0,5,SE,15
el Pinósel Rodriguillo,539 +2,9.0,-4.5,9.1,-0.2,7.5,53,0.0,0.0,10,ONO,16
Castell de Castells,521 +2,9.8,-2.9,9.8,3.0,9.1,63,,,6,O,18
l′AtzúbiaForna,164 +12,10.9,2.3,10.9,3.4,,60,0.2,0.2,8,NNO,15
la Vall d′Ebo,394 +10,9.1,-0.4,9.1,2.4,,63,0.2,0.2,5,SO,13
la Vall de LaguarBenimaurell,540 +7,7.7,1.3,7.7,1.9,5.6,67,0.0,0.0,11,N,15
Alacantl′Illa de Tabarca,4 +6,11.8,7.8,11.8,5.8,,67,0.0,0.0,0,S,42
Pilar de la Horadada Pinar de Campoverde,163 +6,11.3,4.0,11.3,3.3,,58,0.0,0.0,2,SSE,16
Estacions dels socis,Estacions dels socis,Estacions dels socis,Estacions dels socis,Estacions dels socis,Estacions dels socis,Estacions dels socis,Estacions dels socis,Estacions dels socis,Estacions dels socis,Estacions dels socis,Estacions dels socis,Estacions dels socis
els Ports,els Ports,els Ports,els Ports,els Ports,els Ports,els Ports,els Ports,els Ports,els Ports,els Ports,els Ports,els Ports
Cinctorres,910 +8,3.1,-5.2,3.1,-2.7,,66,0.0,0.0,0,ENE,16
Forcall,692 +2,5.3,-9.2,5.3,-1.7,2.8,61,0.0,0.0,11,N,21
Herbers,753 +7,4.3,-6.4,4.4,-3.3,,58,0.0,0.0,0,ENE,19
la Mata,845 +7,4.6,-7.6,4.6,-2.8,3.1,59,0.0,0.0,6,ESE,23
Morellacentre,980 +20,4.7,-5.1,4.7,-3.4,2.4,56,0.0,0.0,10,SSO,16
MorellaFàbrica Giner,766 +2,5.1,-9.3,5.1,,,59,0.0,0.0,,,
MorellaMas d'Agustino,947 +2,4.1,-9.2,4.1,-4.0,1.3,56,0.0,0.0,12,ONO,22
Olocau del Reila Magdalena,1.152 +2,3.5,-5.4,3.6,-3.4,-0.5,61,0.0,0.0,18,NNO,27
Vilafranca,1.132 +18,3.0,-7.0,3.3,-4.1,-0.6,60,0.0,0.0,15,NNE,26
Vilafrancala Pobla del Bellestar,1.140 +2,4.8,-11.7,4.9,-3.3,0.9,56,0.0,0.0,19,NE,24
l′Alt Maestrat,l′Alt Maestrat,l′Alt Maestrat,l′Alt Maestrat,l′Alt Maestrat,l′Alt Maestrat,l′Alt Maestrat,l′Alt Maestrat,l′Alt Maestrat,l′Alt Maestrat,l′Alt Maestrat,l′Alt Maestrat,l′Alt Maestrat
Albocàsser,525 +14,8.4,-1.5,8.5,-4.5,,40,0.0,0.0,3,ENE,19
Albocàsserla Llacuna,538 +2,9.8,-2.3,9.8,-2.9,,41,0.0,0.0,0,OSO,24
Ares del Maestrat,1.197 +12,2.1,-4.9,2.8,-4.3,-0.3,63,0.0,0.0,8,N,47
Ares del Maestratla Vall de Catí,690 +2,8.4,-0.9,8.5,-2.7,5.6,46,0.0,0.0,18,NO,53
Ares del MaestratPla de la Pinella,950 +2,3.6,-11.2,3.6,-4.0,1.5,58,0.0,0.0,8,ONO,24
Atzeneta del Maestrat,392 +2,10.3,-4.3,10.3,-3.2,,39,0.0,0.0,6,SSE,21
Benafigos,945 +11,5.4,-2.3,5.4,-4.0,,51,0.0,0.0,3,SO,44
Benassal,830 +14,8.0,-3.4,8.0,-3.6,,44,0.0,0.0,2,ESE,13
BenassalMas de les Llometes,785 +2,8.1,-2.9,8.1,-4.2,7.2,42,0.0,0.0,6,ONO,53
Catí,661 +10,7.2,-0.3,7.4,-2.6,4.8,50,0.0,0.0,13,NO,40
Catíl′Avellà,934 +2,6.4,-2.8,7.1,-2.3,4.4,54,0.0,0.0,10,N,45
CatíVenta de l'Aire,600 +2,8.2,0.2,8.2,-2.8,5.2,46,0.0,0.0,19,NO,53
CullaObservatori Astronòmic,1.058 +2,7.4,-3.9,7.4,-2.4,6.0,50,0.0,0.0,8,N,48
CullaPla de les Vinyes,508 +6,8.7,0.8,8.8,-3.9,7.5,41,0.0,0.0,8,OSO,42
la SerratellaAjuntament,781 +12,6.3,-1.7,6.3,-3.7,3.7,49,0.0,0.0,13,ESE,27
la SerratellaCarrer de la Font,768 +10,6.3,-1.8,6.3,,,,0.0,0.0,6,SSE,27
la SerratellaSant Joan Nepomucé,937 +8,4.8,-2.4,4.9,-6.5,,44,0.0,0.0,3,NO,35
la Torre d′en Besorala Pedrisseta,659 +2,8.2,-0.7,8.8,-4.4,7.3,41,0.0,0.0,6,ENE,56
la Torre d′en Besorazona esportiva,582 +2,9.6,-4.0,9.8,-2.2,,44,0.0,0.0,2,SO,23
Tírig,463 +10,9.3,1.7,9.3,-3.4,,41,0.0,0.0,2,ESE,47
Vilar de Canes,670 +12,8.4,-0.2,8.4,-5.9,,36,0.0,0.0,0,E,48
Vistabella del Maestrat,1.249 +12,5.1,-7.0,5.3,-5.4,3.3,47,0.0,0.0,8,SE,23
el Baix Maestrat,el Baix Maestrat,el Baix Maestrat,el Baix Maestrat,el Baix Maestrat,el Baix Maestrat,el Baix Maestrat,el Baix Maestrat,el Baix Maestrat,el Baix Maestrat,el Baix Maestrat,el Baix Maestrat,el Baix Maestrat
BenicarlóSant Gregori,20 +6,11.3,0.8,12.7,0.0,,46,0.0,0.0,10,SSE,29
Càlig,130 +18,11.7,3.2,11.9,-1.6,,40,0.0,0.0,3,SO,35
Canet lo Roig,331 +12,9.8,3.1,9.8,-1.4,,46,0.0,0.0,2,ENE,40
Cervera del Maestre,288 +16,10.2,2.3,10.2,-1.9,,43,0.0,0.0,8,S,32
la Jana,330 +7,9.5,1.2,9.8,-2.0,8.8,45,0.0,0.0,6,OSO,24
la Salzadella,339 +15,9.3,0.3,9.4,-3.4,8.2,41,0.0,0.0,8,N,13
PeníscolaBenimar,21 +14,10.5,3.1,11.1,-0.4,,47,0.0,0.0,16,SSE,27
PeníscolaGran Hotel Peñiscola,0 +29,10.1,2.3,11.4,0.9,,53,0.0,0.0,10,SSO,24
RossellBel,957 +8,3.1,-2.8,3.1,-4.0,0.9,60,0.0,0.0,8,N,56
Rossellles Cases del Riu,392 +2,9.8,2.4,9.8,-2.3,,43,0.0,0.0,5,NO,45
RossellAjuntament,475 +12,8.4,1.8,8.4,-2.7,6.8,46,0.0,0.0,10,OSO,47
Sant Jordi,175 +15,10.6,3.4,10.7,-2.9,,39,0.0,0.0,2,O,39
Sant JordiPanoràmica Golf,160 +2,11.6,-0.9,11.6,-2.0,,39,0.0,0.0,10,O,24
Sant MateuFont Aigua Nova,344 +6,10.8,1.8,10.8,-2.4,,40,0.0,0.0,5,NNO,31
Sant MateuIES Maestrat,335 +16,10.7,1.5,10.7,-4.3,,35,0.0,0.0,3,ENE,35
Sant MateuMolins,288 +2,11.1,-6.6,11.1,-2.4,,39,0.0,0.0,3,ESE,15
Sant MateuOest,330 +15,10.7,1.5,10.7,-3.5,,37,0.0,0.0,3,ESE,36
Santa Magdalena de Polpís,123 +14,12.1,-0.2,12.2,-0.9,,41,0.0,0.0,2,SE,10
Traiguera,268 +9,10.0,1.4,10.0,-1.8,,44,0.0,0.0,8,ONO,34
VinaròsClub Nàutic,2 +30,11.8,2.2,11.9,1.1,,48,0.0,0.0,6,SE,23
Xert,452 +16,9.1,2.0,9.4,-1.4,8.3,48,0.0,0.0,6,ENE,35
l′Alcalatén,l′Alcalatén,l′Alcalatén,l′Alcalatén,l′Alcalatén,l′Alcalatén,l′Alcalatén,l′Alcalatén,l′Alcalatén,l′Alcalatén,l′Alcalatén,l′Alcalatén,l′Alcalatén
l′AlcoraAraia,328 +9,9.7,-2.3,10.1,-4.8,9.1,36,0.0,0.0,6,SSE,20
l′AlcoraIES Ximén d′Urrea,248 +15,9.6,-0.8,10.3,-3.8,8.5,39,0.0,0.0,8,E,15
les Useres,401 +14,10.2,1.4,10.2,-2.3,,42,0.0,0.0,5,E,27
Llucena,585 +11,7.9,-0.3,7.9,-4.0,5.4,43,0.0,0.0,15,ESE,21
Xodosla Lloma Bernat,1.164 +8,4.2,-2.2,4.2,-5.9,,48,0.0,0.0,3,SSO,26
Xodosla Vega,942 +2,6.9,-10.1,7.2,-5.2,,42,0.0,0.0,2,NE,19
XodosMas de Caixó,1.250 +6,4.7,-2.7,5.4,,,,0.0,0.0,10,ESE,31
la Plana Alta,la Plana Alta,la Plana Alta,la Plana Alta,la Plana Alta,la Plana Alta,la Plana Alta,la Plana Alta,la Plana Alta,la Plana Alta,la Plana Alta,la Plana Alta,la Plana Alta
Almassora,28 +12,11.8,2.4,11.8,-2.9,,36,0.0,0.0,5,O,27
Benicàssimel Quadre de Santiago,2 +9,10.3,4.5,10.3,0.5,,51,0.0,0.0,6,SSE,18
Benicàssimles Vil·les,7 +12,10.2,4.3,10.3,1.2,,54,0.0,0.0,8,SE,21
BenicàssimCim del Bartolo,729 +2,6.7,0.0,8.5,-1.3,4.2,57,0.0,0.0,13,SSO,29
BenicàssimHotel Voramar,1 +23,9.9,5.6,10.6,1.9,8.1,58,0.0,0.0,13,SSE,21
Benicàssimpoble,15 +17,10.3,3.3,10.7,0.8,,52,0.0,0.0,6,SE,13
Borriolla Vall del Morico,223 +2,10.2,-1.6,10.3,-2.6,,41,0.0,0.0,6,SSE,27
BorriolMas de Gaetà,176 +8,10.8,1.0,10.8,-0.2,,47,0.0,0.0,3,SSE,24
CabanesMas del Corretger,187 +2,10.8,-2.1,11.2,0.4,,49,0.0,0.0,6,SSE,21
Castelló de la PlanaCamí de la Plana,2 +8,10.7,,11.2,0.6,,50,0.0,0.0,4,SSE,15
Castelló de la PlanaCarrer del Riu Xúquer,32 +28,12.1,1.7,12.3,-2.6,,36,0.0,0.0,6,SSO,16
Castelló de la PlanaEdifici Capitol,24 +80,10.0,3.1,10.7,-3.4,,39,0.0,0.0,8,NNE,26
Castelló de la PlanaGrup Sant Agustí,28 +10,11.7,2.1,11.7,-1.6,,40,0.0,0.0,6,SE,26
Castelló de la PlanaIES Bovalar,41 +14,11.7,1.4,11.9,-1.9,,39,0.0,0.0,6,S,15
Castelló de la PlanaIES Francesc Ribalta,26 +21,11.1,2.5,11.2,-1.8,,41,0.0,0.0,5,ENE,15
Castelló de la PlanaIES Vicent Sos Baynat,22 +12,12.1,3.3,12.1,1.6,,49,0.0,0.0,2,ENE,13
Castelló de la PlanaRCN Castelló,2 +16,10.4,1.8,10.4,0.9,,52,0.0,0.0,8,SSO,23
Castelló de la PlanaSerradal,2 +7,10.6,0.7,10.9,1.1,,52,0.0,0.0,7,SE,13
la Pobla Tornesa,297 +2,10.6,-3.9,10.6,0.5,,50,0.0,0.0,5,SSO,16
la Serra d′en Galceran,744 +14,6.4,-0.9,6.4,-3.4,,50,0.0,0.0,3,SSE,35
la Serra d′en Galceranels Ivarsos,314 +14,10.2,0.1,10.2,-1.3,,45,0.0,0.0,3,SSO,27
la Vall d′Albacentre,305 +16,9.8,-0.1,9.9,-2.3,,43,0.0,0.0,3,SO,21
la Vall d′Albasud,270 +2,10.8,-4.8,11.1,-1.7,,42,0.0,0.0,3,O,15
les Coves de Vinromà,186 +15,10.9,-3.7,11.0,0.5,,49,0.0,0.0,3,NE,32
les Coves de VinromàMas del Tonto,332 +6,10.1,1.6,10.1,-2.0,,43,0.0,0.0,3,ESE,34
OrpesaClub Nàutic,2 +8,9.5,4.7,10.4,0.3,8.1,53,0.0,0.0,10,SSE,18
OrpesaTorre Bellver,22 +6,9.8,2.2,10.4,1.4,8.8,56,0.0,0.0,8,SSE,16
Sant Joan de Moró,184 +14,10.3,-0.7,10.3,-2.5,,41,0.0,0.0,3,S,16
Torreblanca,28 +10,11.8,3.6,12.3,-1.5,,40,0.0,0.0,6,SO,18
Vilafamés,350 +12,9.1,2.6,9.2,-2.3,7.9,45,0.0,0.0,8,ONO,23
Vilanova d′Alcolea,349 +15,9.6,-0.1,9.6,-2.8,,42,0.0,0.0,5,OSO,16
la Plana Baixa,la Plana Baixa,la Plana Baixa,la Plana Baixa,la Plana Baixa,la Plana Baixa,la Plana Baixa,la Plana Baixa,la Plana Baixa,la Plana Baixa,la Plana Baixa,la Plana Baixa,la Plana Baixa
Alfondeguilla,216 +14,9.9,-1.5,9.9,0.7,9.6,53,0.0,0.0,5,SSE,13
Almenara,36 +15,10.4,2.7,10.6,0.9,,52,0.0,0.0,3,SE,15
AlmenaraComunitat de Regants,32 +2,11.3,-0.3,11.3,1.2,,50,0.0,0.0,5,SSO,19
AlmenaraMotor el Blau,22 +6,10.7,1.5,11.3,1.4,,53,0.0,0.0,8,SE,17
Artana,262 +14,10.0,-0.7,10.0,0.0,,50,0.0,0.0,6,SE,16
Betxí,98 +16,11.1,1.6,11.2,-0.8,,44,0.0,0.0,2,SO,21
BetxíMuntanyeta de Sant Antoni,138 +10,10.3,1.3,10.6,-1.5,,44,0.0,0.0,13,SSE,34
BorrianaPlatja del Grau,33 +29,9.3,3.2,10.6,1.6,6.6,59,0.0,0.0,19,S,37
BorrianaClub Nàutic,1 +8,10.5,3.4,11.7,1.8,,55,0.0,0.0,11,SSE,19
Eslida,342 +9,9.9,-1.8,10.1,-3.9,,38,0.0,0.0,3,SSE,13
la VilavellaCarrer Barranc,50 +18,10.7,2.0,10.8,-0.9,,45,0.0,0.0,16,S,18
la VilavellaPtda. Forns,115 +6,10.7,1.7,10.8,0.6,,50,0.0,0.0,11,ESE,18
les Alqueries,25 +14,11.7,2.7,11.7,-1.9,,39,0.0,0.0,5,SSE,26
les AlqueriesCap de Terme,30 +2,11.4,1.3,11.4,1.3,,50,0.0,0.0,0,OSO,24
Moncofa,6 +14,9.9,0.9,10.6,-0.1,,50,0.0,0.0,5,SSO,23
Nulesl'Estany,0 +2,11.3,0.2,11.3,2.0,,53,0.0,0.0,11,SSO,27
Onda,192 +19,10.9,1.7,10.9,-1.0,,44,0.0,0.0,5,SSE,18
Onda Artesa CR Cota 220,248 +3,10.8,-0.6,10.8,-1.1,,44,0.0,0.0,11,SSE,18
Onda Ràtils - CR Cota 220,121 +2,11.7,1.1,11.8,-1.6,,40,0.0,0.0,5,SSE,23
Onda Sant Gil,166 +5,11.7,1.0,11.8,-0.9,,42,0.0,0.0,3,SSE,11
Tales,232 +13,10.1,-1.7,10.2,-1.4,,45,0.0,0.0,11,E,16
Vila-realCarinyena,34,11.1,0.8,11.3,-0.2,,46,0.0,0.0,0,SE,23
Vila-realCol·legi Santa Maria,34 +10,11.1,2.4,11.3,,,40,0.0,0.0,,,
Vila-realla Llum de Tol,64,11.0,-1.2,11.0,-0.9,,44,0.0,0.0,1,OSO,13
Vila-realles Solaes,27 +2,11.3,3.0,11.5,,,,0.0,0.0,0,SSO,21
Vila-realPlaça Dos de Maig,61 +19,11.7,1.9,12.4,-3.4,,35,0.0,0.0,3,SSO,26
Vila-realUrb. Madrigal,54 +10,11.0,1.7,11.4,0.6,,49,0.0,0.0,4,SSE,22
l′Alt Palància,l′Alt Palància,l′Alt Palància,l′Alt Palància,l′Alt Palància,l′Alt Palància,l′Alt Palància,l′Alt Palància,l′Alt Palància,l′Alt Palància,l′Alt Palància,l′Alt Palància,l′Alt Palància
Algimia de Almonacid,480 +18,9.9,-3.0,9.9,-3.2,9.3,40,0.0,0.0,6,SSO,15
AlturaMasía de Uñoz,670 +8,8.4,-3.7,8.4,-2.4,,47,0.2,0.2,2,O,15
Bejís,780 +15,8.6,-2.3,8.7,-4.4,,40,0.0,0.0,3,E,17
Caudiel,633 +20,10.1,-1.2,10.1,-5.6,,33,0.0,0.0,10,SSO,19
El ToroCerro Gil,1.194 +2,6.9,-6.4,7.0,-5.9,4.6,40,0.0,0.0,12,E,19
Gaibiel,517 +10,10.2,-5.8,10.4,-3.3,,39,0.0,0.0,8,SSE,15
JéricaLos Novales,439 +5,10.6,-6.4,10.7,-2.6,,40,0.0,0.0,3,SE,18
Soneja,275 +15,10.2,-1.4,10.4,-1.3,,45,0.0,0.0,6,SE,18
Vall de Almonacid,472 +5,10.8,-2.6,11.1,-3.8,,36,0.0,0.0,2,ESE,8
ViverCooperativa,530 +10,7.2,-3.2,10.5,-4.7,,43,0.0,0.0,0,NE,24
XóvarAgua de Chóvar,390 +14,9.1,-1.9,9.2,-2.0,7.1,46,0.0,0.0,13,SE,18
l′Alt Millars,l′Alt Millars,l′Alt Millars,l′Alt Millars,l′Alt Millars,l′Alt Millars,l′Alt Millars,l′Alt Millars,l′Alt Millars,l′Alt Millars,l′Alt Millars,l′Alt Millars,l′Alt Millars
Ayódar,380 +12,9.8,-5.1,9.8,-2.0,,44,0.0,0.0,5,E,15
Fanzara,222 +10,11.3,0.5,11.8,-2.3,,39,0.0,0.0,5,SSE,22
Fuentes de Ayódar,544 +6,9.9,-0.4,10.1,-2.9,9.3,41,0.0,0.0,6,N,19
Sucaina,812,7.5,-4.6,7.5,-5.0,6.6,41,0.0,0.0,6,SSE,13
Villahermosa del Ríola Cañada,1.032 +9,6.4,-4.9,6.4,-8.5,5.1,34,0.0,0.0,7,SO,15
el Racó d′Ademús,el Racó d′Ademús,el Racó d′Ademús,el Racó d′Ademús,el Racó d′Ademús,el Racó d′Ademús,el Racó d′Ademús,el Racó d′Ademús,el Racó d′Ademús,el Racó d′Ademús,el Racó d′Ademús,el Racó d′Ademús,el Racó d′Ademús
AdemúsIES Ademuz,710,4.9,-8.4,4.9,-2.3,,60,0.0,0.0,5,N,13
Castielfabib,950 +10,3.7,-6.4,3.9,,,54,0.0,0.0,,,
els Serrans,els Serrans,els Serrans,els Serrans,els Serrans,els Serrans,els Serrans,els Serrans,els Serrans,els Serrans,els Serrans,els Serrans,els Serrans
Alpuente,960 +14,5.2,-6.7,5.2,-4.0,2.1,52,0.0,0.0,15,N,21
AlpuenteLa Torre,1.213 +2,6.6,-6.3,7.3,-4.9,,44,0.0,0.0,5,ESE,26
Aras de los Olmos,945,5.8,-5.6,6.0,-3.7,3.7,51,0.0,0.0,10,O,23
CallesAlcotas,875 +7,7.9,-9.4,8.0,-6.0,7.1,37,0.0,0.0,6,SO,11
CallesParc d'Emergències,375,11.0,-1.2,11.7,-5.2,,32,0.0,0.0,3,O,26
Sot de Xera,333,10.7,-0.3,10.7,-1.8,,42,0.0,0.0,11,S,29
Villar del Arzobispo,544 +9,8.8,-0.7,8.8,-2.6,8.0,45,0.0,0.0,6,ESE,23
Villar del ArzobispoCasica Roger,379 +2,10.2,-3.1,10.2,-2.9,,40,0.0,0.0,5,ONO,34
Xelva,470,10.1,-1.2,10.5,-4.8,,35,0.0,0.0,5,O,16
el Camp de Túria,el Camp de Túria,el Camp de Túria,el Camp de Túria,el Camp de Túria,el Camp de Túria,el Camp de Túria,el Camp de Túria,el Camp de Túria,el Camp de Túria,el Camp de Túria,el Camp de Túria,el Camp de Túria
Bétera,91 +12,11.2,1.2,11.2,0.8,,49,0.0,0.0,0,SSO,16
Béterala Conarda,150 +7,10.7,1.0,10.7,-0.3,,47,0.0,0.0,0,SSO,13
Benaguasil,120 +15,11.4,2.3,11.5,-0.2,,45,0.0,0.0,6,S,22
l′ElianaBarranc de Mandor,89 +2,10.9,-5.0,11.0,-0.4,,46,0.0,0.0,3,ESE,10
l′Elianacentre,100 +18,10.2,0.9,10.2,-0.4,,48,0.0,0.0,3,S,16
l′ElianaPinaeta del Cel,90 +4,10.7,-0.6,10.7,-0.3,,47,0.0,0.0,0,ENE,10
la Pobla de Vallbona,102,11.8,2.0,12.4,0.8,,47,0.0,0.0,6,ESE,24
la Pobla de Vallbonaels Racons,173,11.5,0.6,12.0,-0.7,,43,,,7,S,20
la Pobla de Vallbonala Muntanyeta,93 +8,11.2,1.0,11.4,0.5,,48,0.0,0.0,2,E,18
Llíria,160,11.6,-0.9,11.6,-1.3,,41,0.0,0.0,3,NNO,23
LlíriaBodegas del Campo,370 +7,9.6,,9.6,-2.2,,44,0.0,0.0,4,SO,12
LoriguillaPozalet,161 +7,11.2,0.2,11.2,1.9,,53,0.0,0.0,4,ESE,17
Marines,220,10.7,-0.5,11.4,-2.1,,41,0.0,0.0,2,S,13
NàqueraGermanells,78,10.7,0.8,11.0,,,50,0.0,0.0,,,
Riba-roja de Túriala Reva,104,11.2,0.7,11.2,2.9,,57,0.0,0.0,8,ENE,11
Serra,332,10.3,0.6,10.3,-2.5,,41,0.0,0.0,8,OSO,15
VilamarxantAjuntament,110 +23,11.9,0.7,11.9,1.1,,48,0.0,0.0,3,ENE,15
VilamarxantLa Pedrera,185,11.5,-1.2,11.6,1.1,,49,0.0,0.0,0,NNE,11
VilamarxantMas de Teulada,155,12.8,-2.4,12.9,1.4,,46,0.0,0.0,5,SSE,21
VilamarxantSant Josep,111 +10,11.6,-1.4,12.2,2.0,,52,0.0,0.0,0,NE,15
el Camp de Morvedre,el Camp de Morvedre,el Camp de Morvedre,el Camp de Morvedre,el Camp de Morvedre,el Camp de Morvedre,el Camp de Morvedre,el Camp de Morvedre,el Camp de Morvedre,el Camp de Morvedre,el Camp de Morvedre,el Camp de Morvedre,el Camp de Morvedre
Algar de Palància,188 +10,10.3,0.2,10.5,-0.3,,48,0.0,0.0,11,N,21
Quartell,45 +12,10.8,3.5,10.8,1.2,,52,0.0,0.0,10,SE,37
SaguntRacó de Gausa,64,11.7,2.8,11.7,,,53,0.0,0.0,,,
l′Horta Nord,l′Horta Nord,l′Horta Nord,l′Horta Nord,l′Horta Nord,l′Horta Nord,l′Horta Nord,l′Horta Nord,l′Horta Nord,l′Horta Nord,l′Horta Nord,l′Horta Nord,l′Horta Nord
Albalat dels Sorells,10,10.1,1.7,10.8,,,,0.0,0.0,6,SSE,16
Almàssera,11 +2,10.4,1.5,11.6,3.8,,64,0.0,0.0,15,ESE,23
BurjassotÀ Punt,43,10.4,3.2,10.4,,,,0.0,0.0,3,NE,29
BurjassotVilla Indiano,30 +10,11.6,4.1,11.6,2.0,,52,0.0,0.0,0,ENE,24
el Puig de Santa Mariala Lloma,118,11.1,2.4,11.1,,,44,0.0,0.0,,,
MelianaCEIP El Crist,20,10.7,2.7,11.0,2.9,,59,0.0,0.0,2,SSE,23
PaternaCases Verdes,53,10.9,3.5,11.4,1.9,,54,0.0,0.0,4,SE,32
PuçolUrbanització Alfinach,100 +12,11.4,4.7,11.4,1.0,,49,0.0,0.0,2,OSO,19
València,València,València,València,València,València,València,València,València,València,València,València,València
Valènciael Saler Platja de la Garrofera,2 +39,10.4,3.6,10.4,4.0,,65,0.0,0.0,6,SE,18
ValènciaAltocúmulo,19 +37,10.7,3.6,10.7,3.9,,63,0.0,0.0,3,SE,23
ValènciaCamins al Grau,6 +25,10.2,4.6,10.5,4.1,,66,0.0,0.0,6,SO,15
ValènciaCol·legi Diocesà San Juan Bosco,18 +12,11.4,3.9,11.5,3.8,,60,0.0,0.0,5,SE,11
ValènciaCol·legi Pureza de María-Cid,25 +28,10.2,3.2,10.3,2.9,,61,0.0,0.0,3,ESE,23
Valèncial'Albufera/Racó de l'Olla (Centre d'Informació),1 +2,12.4,-0.4,12.5,,,72,0.2,0.2,,,
Valèncial'Olivereta,50,9.8,3.7,10.0,4.1,,68,0.0,0.0,5,ESE,18
ValènciaMicalet,14,10.4,4.3,10.4,4.0,,65,0.0,0.0,5,S,16
ValènciaPenya-roja,7 +46,10.7,4.5,10.9,3.6,,62,0.0,0.0,4,NE,22
ValènciaSant Isidre,27,11.7,2.7,11.7,4.1,,60,0.0,0.0,0,SSE,10
l′Horta Sud,l′Horta Sud,l′Horta Sud,l′Horta Sud,l′Horta Sud,l′Horta Sud,l′Horta Sud,l′Horta Sud,l′Horta Sud,l′Horta Sud,l′Horta Sud,l′Horta Sud,l′Horta Sud
Albalcentre,15,9.8,2.5,9.8,4.9,9.2,72,0.0,0.0,6,E,18
AldaiaBarri del Crist,54,11.0,2.1,11.4,4.6,,65,0.0,0.0,1,ESE,13
CatarrojaAjuntament,26,10.1,2.3,10.1,5.0,,71,0.0,0.0,6,SE,13
CatarrojaOest,25,10.1,2.1,10.1,5.2,,72,0.2,0.2,3,S,13
MassanassaIES Massanassa,12 +10,9.9,2.6,9.9,5.4,,74,0.2,0.2,3,ENE,15
Quart de Poblet,42,11.3,2.8,11.4,4.0,,61,0.0,0.0,6,NE,15
TorrentAv. al Vedat,61 +23,10.2,2.0,10.3,5.5,,73,0.0,0.0,3,ESE,24
TorrentCEIP Antonio Machado,60 +20,10.6,2.1,10.6,5.7,,72,0.0,0.0,6,SE,15
la Plana d′Utiel-Requena,la Plana d′Utiel-Requena,la Plana d′Utiel-Requena,la Plana d′Utiel-Requena,la Plana d′Utiel-Requena,la Plana d′Utiel-Requena,la Plana d′Utiel-Requena,la Plana d′Utiel-Requena,la Plana d′Utiel-Requena,la Plana d′Utiel-Requena,la Plana d′Utiel-Requena,la Plana d′Utiel-Requena,la Plana d′Utiel-Requena
Fuenterrobles,880,5.5,-5.4,5.5,,,,0.0,0.0,5,OSO,19
Requena,725 +8,6.2,-4.0,6.2,-1.8,5.0,57,0.0,0.0,6,SO,16
RequenaEl Rebollar (Coop. Nuestra Señora del Rosario),708 +8,6.4,-4.7,6.7,-1.8,,56,0.0,0.0,3,NO,18
RequenaLos Isidros,592 +2,8.4,-5.1,8.4,0.0,7.1,56,0.0,0.0,8,SSE,16
RequenaSan Antonio,702 +10,7.4,-3.7,7.4,-2.7,6.0,49,0.0,0.0,8,SO,22
SinarcasLa Raílla,885,7.9,-6.9,7.9,-2.3,6.5,49,0.0,0.0,8,S,18
Utielest,728 +16,7.4,-4.1,7.4,-1.9,,52,0.0,0.0,3,SO,13
Xera,638,8.2,-3.0,8.2,-0.9,5.2,53,0.0,0.0,19,S,27
la Foia de Bunyol,la Foia de Bunyol,la Foia de Bunyol,la Foia de Bunyol,la Foia de Bunyol,la Foia de Bunyol,la Foia de Bunyol,la Foia de Bunyol,la Foia de Bunyol,la Foia de Bunyol,la Foia de Bunyol,la Foia de Bunyol,la Foia de Bunyol
Bunyol,350 +20,11.3,1.3,11.3,-0.6,,44,,,0,SE,19
BunyolAlto Gordo,794 +6,6.2,-0.8,6.5,-2.8,2.1,53,0.0,0.0,24,ONO,39
Setaigües,697 +19,6.7,-2.6,6.8,-3.4,5.1,49,0.0,0.0,8,OSO,27
Xestcentre,218 +20,12.2,2.4,12.2,2.0,,50,0.0,0.0,5,NE,15
Xiva,293,11.8,-0.1,11.9,1.1,,48,0.0,0.0,5,N,21
XivaCalicanto,167,12.1,3.4,12.2,1.0,,47,0.0,0.0,11,SO,19
la Vall de Cofrents-Aiora,la Vall de Cofrents-Aiora,la Vall de Cofrents-Aiora,la Vall de Cofrents-Aiora,la Vall de Cofrents-Aiora,la Vall de Cofrents-Aiora,la Vall de Cofrents-Aiora,la Vall de Cofrents-Aiora,la Vall de Cofrents-Aiora,la Vall de Cofrents-Aiora,la Vall de Cofrents-Aiora,la Vall de Cofrents-Aiora,la Vall de Cofrents-Aiora
AioraCarrer Montemayor,596 +2,7.5,-3.3,7.5,,,75,,,,,
AioraPlaça Major,605,7.2,-1.6,7.6,1.2,,66,0.0,0.0,1,SO,11
AioraPolígon,582 +2,7.3,-3.2,7.3,0.4,,62,0.0,0.0,4,NE,9
la Ribera Alta,la Ribera Alta,la Ribera Alta,la Ribera Alta,la Ribera Alta,la Ribera Alta,la Ribera Alta,la Ribera Alta,la Ribera Alta,la Ribera Alta,la Ribera Alta,la Ribera Alta,la Ribera Alta
Alfarbel Puntal,110 +1,10.4,0.5,10.4,5.3,,71,0.6,0.6,3,SE,11
Algemesí,34,11.0,1.2,11.0,4.8,,66,0.2,0.2,15,S,21
Alginet,27 +11,11.8,1.7,11.8,4.9,,63,0.0,0.0,11,SO,18
AlginetUrb. Los Lagos,115 +8,11.2,2.4,11.2,3.9,,61,0.0,0.0,6,SSE,15
Alziraest l'Alquenència,25,11.5,1.7,11.5,4.4,,62,0.2,0.2,8,S,19
AlziraIES La Murta,18 +12,11.1,3.2,11.1,3.8,,61,0.0,0.0,8,SSO,23
Alzirala Casella,130 +2,11.3,1.3,11.3,4.4,,63,0.4,0.4,3,N,16
Alzirala Murta,120 +2,11.1,-1.0,11.1,4.9,,66,0.2,0.2,6,ENE,18
AlziraMulata Alzicoop,20 +2,12.4,0.0,12.4,6.2,,66,0.2,0.2,8,SO,19
BenifaióCEIP Santa Bàrbara,15 +14,11.3,1.8,11.3,3.7,,60,0.2,0.2,8,SSO,23
Càrcer,42 +15,11.2,1.6,11.2,3.4,,59,0.2,0.2,10,S,16
CàrcerPla del Rei,48 +4,12.0,3.9,12.0,,,,0.2,0.2,0,SO,10
Carcaixent,31 +16,11.1,2.9,11.1,4.5,,64,0.2,0.2,8,SE,21
CarletCaseta del Banc,100 +2,12.8,0.3,13.2,-0.2,,41,0.2,0.2,2,OSO,9
Carlet,50 +11,11.9,2.2,11.9,5.0,,63,0.4,0.4,10,SSO,21
Castellópoble,36 +15,10.8,1.1,10.8,5.1,,68,0.2,0.2,11,SE,19
CotesCementeri,44 +3,12.2,0.6,12.3,3.3,,55,0.0,0.0,8,SE,17
Gavarda,80 +10,11.6,1.6,11.6,,,60,0.3,0.3,,,
GuadassuarComplex de Valorització de Residus,36,11.5,0.5,11.5,5.1,,65,0.0,0.0,24,SSE,27
l′AlcúdiaAjuntament,48,11.8,1.7,11.8,4.5,,61,0.0,0.0,10,SSO,21
l′AlcúdiaCarriona,45,12.3,-0.7,12.3,5.2,,62,0.0,0.0,5,SSO,23
la Pobla LlargaIES Pere d′Esplugues,39,11.6,2.3,11.6,4.7,,63,0.2,0.2,6,SO,19
Massalavés,36,11.4,0.3,11.4,5.0,,65,,,6,SSE,18
MontserratCasadalt,225 +2,12.4,2.3,12.4,2.7,,52,0.2,0.2,6,OSO,23
Sumacàrcer,70 +13,4.2,2.7,6.8,2.7,,90,0.2,0.2,0,N,8
SumacàrcerAlt de la Ceja,320 +6,10.2,-0.3,11.4,3.4,,63,0.3,0.3,12,SSO,24
Torís Canyapar,255 +6,11.7,2.1,11.8,0.4,,46,0.0,0.0,5,N,21
la Ribera Baixa,la Ribera Baixa,la Ribera Baixa,la Ribera Baixa,la Ribera Baixa,la Ribera Baixa,la Ribera Baixa,la Ribera Baixa,la Ribera Baixa,la Ribera Baixa,la Ribera Baixa,la Ribera Baixa,la Ribera Baixa
Albalat de la Ribera,25,11.6,1.8,11.7,4.7,,63,0.2,0.2,5,S,19
Cullerael Marenyet,2 +16,10.3,1.7,10.3,4.8,,69,0.0,0.0,6,E,16
CulleraFar,26 +20,10.5,2.6,10.5,5.0,,69,0.0,0.0,2,ONO,32
CulleraSant Antoni,0 +37,10.3,4.3,11.1,3.0,,61,0.0,0.0,5,S,26
Favara,20,12.7,2.2,12.7,4.1,,56,0.0,0.0,3,O,11
SollanaEl Romaní,0,11.2,0.7,11.2,5.5,,68,,,14,SSO,22
Sollanal'Albufera/Tancat de Milia,0,11.6,3.4,11.6,5.8,,68,,,13,OSO,19
Suecales Palmeres,16 +30,10.7,3.8,10.7,4.8,,67,0.2,0.2,13,OSO,19
la Canal de Navarrés,la Canal de Navarrés,la Canal de Navarrés,la Canal de Navarrés,la Canal de Navarrés,la Canal de Navarrés,la Canal de Navarrés,la Canal de Navarrés,la Canal de Navarrés,la Canal de Navarrés,la Canal de Navarrés,la Canal de Navarrés,la Canal de Navarrés
ÉngueraNavalón,740,8.8,-4.6,8.8,,,,0.0,0.0,5,N,13
Énguera,287,11.3,-1.8,11.7,3.0,,57,0.2,0.2,8,SE,18
ÉngueraAntolí,310,10.6,-0.8,10.6,3.1,,60,,,11,E,15
ÉngueraBenali,710 +2,9.5,0.5,9.6,-0.8,,49,0.2,0.2,2,S,15
ÉngueraBenigüengo,745 +3,7.4,-2.8,7.4,-1.1,,55,0.0,0.0,2,NNE,13
Anna,220,10.8,-0.3,11.1,5.5,,70,0.2,0.2,0,NE,10
Millars,350 +6,10.3,1.1,10.3,0.0,,49,0.0,0.0,3,NO,15
QuesaHotel La Rocha,250 +10,11.9,-0.8,11.9,1.7,,50,0.0,0.0,2,NNE,8
Xella,230 +11,11.7,-0.8,11.7,2.9,,55,0.4,0.4,3,SE,8
XellaEl Rincón,235 +3,11.9,-1.2,11.9,4.1,,59,0.3,0.3,2,ENE,8
la Costera,la Costera,la Costera,la Costera,la Costera,la Costera,la Costera,la Costera,la Costera,la Costera,la Costera,la Costera,la Costera
CanalsIES Sivera Font,172,12.1,1.9,12.1,4.7,,61,0.4,0.4,3,S,21
l′Alcúdia de Crespins/Canalsla Muntanyeta,170,10.7,1.3,10.8,3.9,,63,0.2,0.2,5,S,15
la Font de la FigueraParc solar,596,8.9,-0.9,8.9,0.3,8.4,55,0.2,0.2,5,S,15
Moixentla Foia,380,10.7,-0.4,10.7,3.2,,60,0.2,0.2,0,S,16
Vallada,290 +12,10.2,0.3,10.2,2.0,,57,0.2,0.2,0,SE,4
ValladaMolí de Baix,256 +6,10.3,-0.2,10.3,1.3,,54,0.2,0.2,6,E,11
XàtivaAusiàs March,100 +25,10.1,1.1,10.7,4.2,,67,0.3,0.3,6,S,13
XàtivaIES Josep de Ribera,96,9.8,0.8,9.8,4.7,,71,0.2,0.2,3,S,16
la Vall d′Albaida,la Vall d′Albaida,la Vall d′Albaida,la Vall d′Albaida,la Vall d′Albaida,la Vall d′Albaida,la Vall d′Albaida,la Vall d′Albaida,la Vall d′Albaida,la Vall d′Albaida,la Vall d′Albaida,la Vall d′Albaida,la Vall d′Albaida
Agullent,434 +20,8.6,1.7,8.7,2.1,,64,0.2,0.2,5,OSO,8
Aielo de Malferitcentre,289,9.5,0.6,9.6,4.2,,70,0.3,0.3,3,SE,9
Aielo de Rugatel Planet,250 +3,7.6,-0.1,7.9,,,,0.2,0.2,0,ONO,5
AlbaidaIES J. Segrelles,330,8.0,0.8,8.0,7.5,,97,,,0,SSE,6
Beniatjar,402 +8,8.9,1.4,9.6,3.3,,68,0.3,0.3,3,S,7
Bocairentels Corrals,594 +4,9.6,-1.0,9.6,-0.1,,51,0.0,0.0,0,NNO,9
Bocairentels Vilars,645,7.9,-0.2,7.9,0.3,,59,0.2,0.2,4,NO,15
BocairentRambla de Mariola,801 +2,6.4,-7.0,6.4,-0.7,5.2,61,0.0,0.0,6,ENE,15
Castelló de Rugat,320,9.6,1.4,9.6,6.6,,82,0.4,0.4,3,SE,8
el Palomar,316,10.2,0.1,10.2,3.2,,62,0.4,0.4,5,SO,8
FontanarsGasolinera,615 +2,9.1,-3.5,9.1,2.1,,62,0.2,0.2,3,SSO,10
Fontanarsoest,628 +17,7.2,-2.8,7.2,1.4,6.3,67,0.2,0.2,6,S,15
Fontanarspoble,636,8.2,-2.8,8.2,0.6,7.3,59,0.2,0.2,6,SSO,10
l′OlleriaAjuntament,256,8.3,-0.3,8.3,,,,0.6,0.6,6,ESE,11
la Pobla del DucCooperativa,243,7.6,0.8,7.7,5.4,,86,0.4,0.4,2,N,10
LlutxentCoop. del Camp,289,7.1,0.8,7.2,6.3,,95,0.0,0.0,0,O,10
MontavernerAjuntament,182,8.7,-0.8,8.7,6.5,,86,0.4,0.4,0,ESE,8
Montitxelvo,280 +12,9.6,0.2,9.6,4.1,,69,0.2,0.2,0,SSO,8
OntinyentAlba,405 +2,10.5,0.3,10.6,3.2,,61,0.2,0.2,8,SSE,11
OntinyentAlt de Toledo,400,9.9,-0.4,9.9,3.8,,66,0.2,0.2,5,SSO,10
OntinyentCol·legi La Milagrosa,355,9.1,-0.2,9.5,2.4,,63,,,0,SE,13
OntinyentCol·legi La Pureza de María,389,9.6,-1.1,9.6,3.7,8.5,67,0.2,0.2,8,OSO,8
Ontinyentel Pilar,405 +6,9.9,-1.1,10.0,2.9,,62,0.2,0.2,0,SO,8
OntinyentIES Jaume I,372,10.2,1.2,10.2,3.6,,64,0.2,0.2,2,SE,15
Ontinyentles Aigües,355,10.6,-1.6,10.6,3.1,,60,0.0,0.0,6,S,9
OntinyentLlombo,370 +20,9.8,0.0,9.8,2.8,,62,0.0,0.0,2,ESE,15
OntinyentOmbria dels Frares,500 +2,9.8,-1.6,9.8,2.6,,61,0.0,0.0,2,NNO,8
OntinyentPonceta,423 +2,10.4,-2.4,10.4,2.4,,58,0.2,0.2,0,SSE,7
OntinyentSta. Anna nord,370 +4,9.4,-0.2,9.7,3.3,,66,0.2,0.2,0,SE,5
Otos,335,9.5,1.2,9.6,4.0,,69,0.2,0.2,5,S,15
QuatretondaCamí del Molí,222 +15,9.3,0.5,9.4,4.9,,74,0.2,0.2,2,O,5
Quatretondasud-est,216 +13,8.6,-0.2,8.6,3.6,,71,0.2,0.2,5,SSE,10
Rugat,293,9.4,-0.6,9.4,4.6,,72,,,3,OSO,11
Salem,365,8.8,1.6,8.8,3.8,,71,,,3,SSO,10
la Safor,la Safor,la Safor,la Safor,la Safor,la Safor,la Safor,la Safor,la Safor,la Safor,la Safor,la Safor,la Safor
Almoines,40,10.8,3.4,10.9,4.2,,64,0.0,0.0,10,ONO,21
Barx,355 +12,8.8,0.9,8.8,2.7,,66,0.2,0.2,2,O,15
Barxla Drova,379 +2,9.8,-2.1,9.8,3.9,,67,0.0,0.0,3,NO,13
Barxla Falaguera,342 +12,8.4,3.3,8.4,3.0,6.9,69,0.2,0.2,9,SO,19
Barxla Visteta,326 +12,8.8,-0.1,8.8,3.4,7.8,69,0.2,0.2,7,SSO,19
Benifairó de la ValldignaCambro/Pator,37 +2,11.4,0.1,11.4,6.1,,70,0.2,0.2,5,S,10
el Real de GandiaCEIP CAES N.S.Amparo,85 +14,10.4,3.6,10.4,3.6,,63,0.0,0.0,6,OSO,21
GandiaAjuntament,25,11.1,3.2,11.3,5.1,,67,0.0,0.0,5,SSO,16
GandiaCamí de la mar,25 +8,11.1,2.7,11.4,4.7,,65,0.0,0.0,1,SO,13
GandiaEscola Pia,21 +17,11.4,3.8,11.5,1.3,,50,0.0,0.0,10,SSO,16
GandiaGrau sud,10 +11,11.1,2.6,11.1,5.6,,69,0.0,0.0,5,OSO,19
la Font d′en Carròsla Cava,93,11.1,3.5,11.2,4.7,,65,0.3,0.3,9,SO,21
MiramarPlatja,10,11.6,3.7,11.6,5.4,,66,0.2,0.2,10,OSO,18
OlivaCol·legi El Rebollet,10,12.1,5.6,12.1,5.7,,65,0.0,0.0,4,OSO,16
Olivasud,18 +14,11.7,4.9,11.7,5.1,,64,0.0,0.0,2,SO,13
Palma de GandiaMarxuquera,86 +3,10.8,-0.3,10.9,6.3,,74,0.2,0.2,3,OSO,13
Simat de la Valldigna,68 +17,10.9,3.3,10.9,3.6,,61,0.2,0.2,3,E,10
Tavernes de la ValldignaSequers,12 +12,11.4,3.9,11.4,5.0,,65,0.2,0.2,0,SO,18
Tavernes de la ValldignaUll del Bou/Cambro,50 +5,11.7,1.6,11.7,5.5,,66,0.4,0.4,8,OSO,15
Vilallongael Pla de la Llacuna,515 +2,9.1,-0.6,9.1,2.1,7.3,62,0.0,0.0,11,SSO,21
Vilallonganord,100,9.7,3.6,9.7,5.2,9.0,74,0.0,0.0,6,SO,21
VilallongaSerpis,92 +9,9.5,3.7,9.6,4.8,8.8,73,0.0,0.0,6,O,27
el Comtat,el Comtat,el Comtat,el Comtat,el Comtat,el Comtat,el Comtat,el Comtat,el Comtat,el Comtat,el Comtat,el Comtat,el Comtat
AgresBonell,666 +6,6.7,-0.6,6.7,1.4,,69,0.2,0.2,0,OSO,10
AgresFoia Ampla de Mariola,1.053 +2,3.1,-6.3,3.4,1.3,,88,0.4,0.4,0,N,8
Agresla Valleta,565 +2,7.6,-1.9,7.6,4.1,,79,0.2,0.2,3,OSO,10
Agresles Eres,660 +2,5.4,-0.4,5.7,,,,0.0,0.0,0,E,2
AgresRte. El Convent,790,4.6,-0.3,5.1,1.4,,80,0.0,0.0,4,SSE,7
AgresTorreta Alta,760,3.9,0.3,4.2,3.2,,95,0.2,0.2,3,NO,8
AlcolejaBeniafé,745,6.5,-0.3,6.5,3.6,,82,0.3,0.3,0,OSO,13
Balones,668 +9,7.9,-0.8,8.0,2.1,,67,0.0,0.0,4,SSO,17
BeniarrésMuseu del Clima,401,6.4,1.0,6.4,5.8,,96,0.0,0.0,2,SO,8
Benillobael Passeig,554,7.2,-1.5,8.0,1.8,,69,0.3,0.3,1,N,10
BenillobaSecció IES Pare Arques,557 +12,7.2,-1.1,7.4,2.4,,72,0.0,0.0,2,NNO,13
Benillup,565 +10,7.2,-0.8,7.2,4.6,,84,0.4,0.4,0,E,8
Cocentaina9 Oliveres,439,6.2,0.1,6.2,4.2,,87,0.0,0.0,0,NNE,11
CocentainaAjunt./IES Pare Arques,455,5.0,-0.2,5.0,4.6,,97,0.2,0.2,0,ENE,13
CocentainaSant Cristòfol,527 +7,5.3,-0.1,5.3,,,,0.2,0.2,2,SSO,6
GorgaForn Montse,545,7.1,-0.4,7.3,-0.7,5.6,58,0.0,0.0,8,ONO,10
l′Orxa,272,5.5,2.4,5.6,4.8,,95,0.0,0.0,0,E,6
Muro d′AlcoiFont del Baladre,465,5.3,-0.6,5.4,4.2,,93,0.2,0.2,2,ENE,6
Muro d′AlcoiIES Serra Mariola,390,6.1,0.9,6.1,3.7,,85,0.2,0.2,3,SSO,10
Planes,452 +5,5.6,0.3,5.6,,,,0.4,0.4,0,O,6
PlanesBenialfaquí,497 +2,6.7,-0.4,6.7,5.0,,89,0.5,0.5,3,O,6
l′Alcoià,l′Alcoià,l′Alcoià,l′Alcoià,l′Alcoià,l′Alcoià,l′Alcoià,l′Alcoià,l′Alcoià,l′Alcoià,l′Alcoià,l′Alcoià,l′Alcoià
AlcoiA.C.I.F.,617,7.6,0.0,7.7,2.0,,68,,,5,ESE,11
AlcoiCírculo Industrial,580 +11,6.7,-1.6,6.8,1.4,5.9,69,0.2,0.2,5,NE,11
AlcoiIES Pare Vitòria,624,6.4,0.3,6.5,-2.1,5.2,55,0.0,0.0,6,NE,15
AlcoiLa Font Roja,1055,3.8,-1.3,4.2,-0.3,,75,1.0,1.0,3,SO,21
AlcoiMenejador A.C.I.F.,1352,0.8,-2.6,0.8,,,,0.0,0.0,,,
AlcoiPas del Benissaidó,555 +29,7.5,-0.2,7.8,2.5,,71,0.2,0.2,5,NE,10
AlcoiUrb. Montesol,819 +2,6.9,-2.3,6.9,,,,,,5,ESE,10
Banyeres de MariolaAlberg Ull de Canals,756 +2,8.1,-4.4,8.2,0.0,6.8,57,0.0,0.0,8,NNO,16
Banyeres de Mariolael Barranquet,782,6.4,-0.7,6.4,0.9,,68,0.2,0.2,3,N,16
Banyeres de MariolaIES Professor Manuel Broseta,729,9.0,-0.7,9.0,1.3,,59,0.2,0.2,0,NE,15
Banyeres de MariolaRte. Venta del Borrego,670 +2,8.7,-1.8,8.7,-1.8,8.1,48,0.3,0.3,6,NNE,15
BenifallimFreginal,729 +2,6.8,0.6,6.8,1.4,5.7,69,0.2,0.2,6,NE,10
CastallaCEIP Rico Sapena,671 +10,8.4,0.2,8.4,-1.3,,51,0.2,0.2,5,NNE,18
Ibicentre,716,7.7,-0.4,8.4,-1.9,6.3,51,0.0,0.0,8,NO,23
IbiIES la Foia,705 +2,9.2,-2.4,9.2,-1.9,6.4,46,0.0,0.0,19,N,24
IbiTorretes/Font Roja,920,7.5,-0.9,7.7,0.4,,61,0.0,0.0,2,SSO,23
OnilTrail Natura,722,8.8,-0.9,9.1,-0.6,,52,0.2,0.2,5,S,21
PenàguilaSafari Aitana,1002,2.7,-1.8,2.8,2.3,,97,1.0,1.0,0,N,3
l′Alt Vinalopó,l′Alt Vinalopó,l′Alt Vinalopó,l′Alt Vinalopó,l′Alt Vinalopó,l′Alt Vinalopó,l′Alt Vinalopó,l′Alt Vinalopó,l′Alt Vinalopó,l′Alt Vinalopó,l′Alt Vinalopó,l′Alt Vinalopó,l′Alt Vinalopó
Beneixamapoble,601,8.5,-3.8,8.7,,,,0.2,0.2,0,NE,15
BiarSant Roc,689 +12,7.3,-1.0,7.3,-0.7,5.8,57,0.0,0.0,8,NNO,19
Saix,472 +15,9.0,-0.9,9.0,0.6,,56,0.0,0.0,0,E,28
Salinespoble,505 +15,9.0,-0.9,9.2,0.9,7.2,57,0.0,0.0,11,NE,23
Villenala Safra,639 +2,8.1,-2.0,8.4,-0.7,,54,0.3,0.3,4,NNO,9
VillenaLas Virtudes,497 +2,10.3,-2.1,10.3,2.1,,57,0.0,0.0,5,ONO,15
VillenaCamino San Juan,498 +2,9.2,-4.6,9.3,1.0,,57,0.0,0.0,2,NO,15
Villenaciutat,524 +24,8.5,-1.5,8.5,1.1,,60,0.0,0.0,2,NNO,13
VillenaEl Puerto. Villa Ventín,565 +2,9.4,-2.1,9.4,1.2,,57,0.0,0.0,5,NO,11
VillenaFinca Casa Balaguer,529 +2,8.7,-4.4,8.7,0.1,7.3,55,0.0,0.0,9,SSE,9
VillenaFinca Hnos. Guerrero,489 +2,8.5,-2.1,8.5,1.8,,63,0.0,0.0,0,N,13
VillenaFinca La Glòria,661 +2,8.9,-1.9,9.7,-0.5,,52,0.0,0.0,4,NO,17
VillenaFondo de la Lagunilla,489 +2,9.1,-4.9,9.3,,,58,,,,,
VillenaHondo de Carboneras,499 +2,9.1,-2.4,9.1,0.7,8.3,56,0.0,0.0,7,NNO,13
VillenaLa Boquera,527,8.6,-2.5,8.6,-0.5,8.0,53,0.0,0.0,5,S,17
VillenaLa Lagunilla,499 +3,8.7,-2.7,8.7,,,,0.2,0.2,0,NE,19
VillenaLa Parrala,533 +2,9.8,-2.8,9.8,1.1,,55,0.0,0.0,0,O,13
VillenaLas Quebradas,505 +2,8.2,-2.5,8.3,1.0,,61,0.0,0.0,4,SSE,9
VillenaPenya Rubia,601,9.1,-3.8,9.2,0.4,,55,0.2,0.2,4,NNO,7
VillenaSerra de Salines,1.098 +2,5.2,-2.2,5.2,0.1,,70,0.0,0.0,2,NNO,11
el Vinalopó Mitjà,el Vinalopó Mitjà,el Vinalopó Mitjà,el Vinalopó Mitjà,el Vinalopó Mitjà,el Vinalopó Mitjà,el Vinalopó Mitjà,el Vinalopó Mitjà,el Vinalopó Mitjà,el Vinalopó Mitjà,el Vinalopó Mitjà,el Vinalopó Mitjà,el Vinalopó Mitjà
Asp,289,11.8,2.2,11.9,1.3,,49,0.0,0.0,3,NO,15
Eldacentre,411,10.6,0.3,10.6,,,49,0.0,0.0,,,
Monòver,405 +10,10.8,-0.3,10.8,-0.2,,47,0.0,0.0,1,S,18
Noveldacentre,238 +16,11.4,2.2,11.4,0.7,,48,0.0,0.0,8,ONO,29
Petrer,439,9.8,0.2,9.8,1.1,7.0,55,0.0,0.0,21,ONO,23
la Marina Alta,la Marina Alta,la Marina Alta,la Marina Alta,la Marina Alta,la Marina Alta,la Marina Alta,la Marina Alta,la Marina Alta,la Marina Alta,la Marina Alta,la Marina Alta,la Marina Alta
Alcalalícentre,231 +15,9.8,3.6,9.8,4.1,,68,0.0,0.0,2,NE,21
BenigemblaFont Nova,315 +8,10.4,0.3,10.5,2.2,,57,0.3,0.3,7,OSO,28
BenissaAjuntament,319,9.2,3.4,9.2,4.0,8.4,70,0.8,0.8,6,NNO,26
Castell de CastellsAjuntament,548 +11,7.8,-0.9,7.9,2.0,7.1,67,0.2,0.2,6,NNO,13
Déniala Xara,28 +15,10.0,4.1,10.3,3.2,,63,0.0,0.0,5,N,19
DéniaJoan Chabàs,14 +25,9.5,5.8,9.8,3.4,8.9,66,0.4,0.4,6,ONO,19
DéniaMontgó,120 +6,9.0,6.1,9.0,4.2,8.0,72,,,7,NNE,15
DéniaPlatja de Pego,3,9.5,3.5,9.8,4.7,8.6,72,0.0,0.0,7,N,24
el Poble Nou de Benitatxell,163,9.8,5.4,9.9,4.5,8.5,70,3.0,3.0,10,NNO,37
el Ràfol d′Almúnia,88,10.4,3.3,10.6,4.5,,67,0.0,0.0,10,NE,27
el Verger,42,10.2,4.8,10.3,4.3,,67,0.0,0.0,8,N,24
Gata de GorgosCEIP Santíssim Crist,90 +10,9.9,4.8,9.9,,,64,1.2,1.2,,,
la Vall d′AlcalàBeniaia,637,5.8,0.1,5.8,1.7,,75,1.8,1.8,0,NO,8
la Vall de GallineraBenialí,298 +12,9.2,1.4,9.2,2.9,8.4,65,0.2,0.2,6,S,15
Moraira,18,10.4,5.3,10.4,4.5,,67,2.6,2.6,16,NNE,24
Ondara,48 +14,11.4,4.0,11.6,4.3,,62,0.0,0.0,0,NO,21
Orba,149 +15,10.3,3.3,10.3,4.4,,67,0.0,0.0,6,NNE,16
Parcentels Plans,278 +10,9.2,1.8,9.2,3.7,,69,0.0,0.0,5,NE,16
ParcentFont del Llavador,259 +3,10.1,1.9,10.4,6.6,,79,0.3,0.3,3,NE,13
Pedreguer,91,10.1,5.6,10.2,4.8,,70,0.0,0.0,8,NNE,18
Pedreguerla Sella,58,10.1,2.6,10.2,3.5,,64,0.6,0.6,8,NNO,20
PedreguerPatronat,54 +2,11.8,5.2,11.8,4.9,,63,0.2,0.2,0,NNO,15
PegoAmbra,81,10.8,4.6,10.9,4.0,,63,0.0,0.0,4,ONO,13
Pegocentre,81,11.8,3.8,11.9,3.5,,57,0.0,0.0,1,SSE,17
PegoCorral de Rata,391,8.2,3.2,8.3,2.6,,68,0.0,0.0,4,N,15
Pegola Plana,15,11.2,3.3,11.4,3.6,,60,0.0,0.0,4,NE,20
Pegoles Verdales,89 +13,10.9,2.9,11.1,3.1,,59,0.0,0.0,4,SSE,15
PegoMusical,72,11.2,3.4,11.5,2.4,,55,0.0,0.0,2,NNO,15
Teuladael Pla,149 +3,9.8,4.7,9.9,3.9,8.1,67,2.5,2.5,12,N,30
TeuladaSant Jaume,226,9.8,4.0,9.8,4.5,8.4,70,4.8,4.8,10,NE,31
TeuladaXurra,163 +2,9.4,5.0,9.5,3.7,8.5,68,5.0,5.0,7,N,29
XàbiaAlt de la Granadella,150 +8,8.7,5.5,,3.5,6.3,70,1.5,1.5,15,NNO,46
XàbiaAsevi,45 +2,10.7,4.6,10.7,4.5,,66,2.8,2.8,10,N,27
XàbiaBalcón al Mar,157 +8,8.9,4.8,9.4,3.9,7.3,71,0.2,0.2,10,NNE,26
XàbiaBarranqueres,40 +4,10.6,4.2,10.7,3.6,,62,4.6,4.6,6,SO,24
XàbiaCansalades,80,10.5,3.6,11.0,4.6,,67,3.9,3.9,5,NNE,21
XàbiaCentre Històric,65 +20,10.2,6.4,10.2,4.5,,68,7.2,7.2,5,NNO,31
XàbiaClub de Golf,62 +8,9.7,4.9,9.8,4.2,7.4,69,3.4,3.4,16,NNO,27
XàbiaFar del Cap de la Nau,127 +6,9.5,5.7,9.8,4.2,8.2,70,0.0,0.0,9,NE,28
XàbiaFontanella,40,11.7,4.3,11.8,6.1,,69,5.3,5.3,0,NO,
XàbiaFreginal,15 +2,11.6,5.7,11.6,5.6,,67,8.0,8.0,10,NNO,26
XàbiaHeliport - Bevenguts,20 +2,12.2,4.5,12.3,5.5,,64,4.4,4.4,13,N,32
Xàbiala Granadella,10 +8,11.1,6.3,11.3,4.3,,63,1.0,1.0,8,NO,24
Xàbiala Plana,190 +12,8.6,4.9,8.7,4.4,5.9,75,5.8,5.8,18,NNO,32
Xàbiales Valls,70 +8,10.2,4.5,10.3,3.8,,65,2.7,2.7,14,NO,33
XàbiaLluca/Coster d'En Sala,60,10.8,2.4,11.2,4.2,,64,3.9,3.9,8,NO,24
XàbiaLluca/Rafalet,20 +2,11.7,3.7,11.7,,,61,,,,,
XàbiaMontgó/Castellans,110 +4,10.3,5.3,10.3,4.2,,66,7.4,7.4,0,ONO,
XàbiaMontgó/Toscamar,131 +4,9.5,5.6,9.5,3.0,7.8,64,2.2,2.2,11,E,34
XàbiaPartida Julians,80 +2,10.8,3.9,,,,62,,,,,
Xàbiaplatja de l′Arenal,5 +6,10.8,5.2,10.8,4.4,,65,4.4,4.4,0,NO,29
Xàbiaport,15 +18,10.3,6.9,10.3,3.0,,61,6.6,6.6,2,NNO,32
XàbiaTossal Gros,328 +15,8.2,4.1,8.3,,,,3.8,3.8,14,NO,35
XàbiaTossals/Carrasquetes,66,10.6,4.8,10.7,4.7,,67,7.4,7.4,5,O,23
XàbiaViver Montgó Verd,20 +4,11.4,4.7,11.5,4.3,,62,4.6,4.6,6,N,22
la Marina Baixa,la Marina Baixa,la Marina Baixa,la Marina Baixa,la Marina Baixa,la Marina Baixa,la Marina Baixa,la Marina Baixa,la Marina Baixa,la Marina Baixa,la Marina Baixa,la Marina Baixa,la Marina Baixa
AlteaClub Nàutic d′Altea,12 +4,12.1,8.2,12.2,5.0,,62,0.0,0.0,6,ESE,31
AlteaComunitat de Regants,53,11.7,7.2,12.3,3.6,,58,0.0,0.0,11,E,29
Benidormcentre,55 +25,11.6,6.8,12.0,3.5,,58,0.0,0.0,6,SSE,13
Bolulla,225,11.4,4.8,11.4,2.3,,54,0.0,0.0,3,NO,23
Callosa d′en Sarriàel Colomer,247 +6,11.9,5.9,11.9,2.5,,53,0.0,0.0,0,SSO,31
Callosa d′en SarriàMargeve,250,11.8,4.6,11.8,-0.2,,44,0.0,0.0,0,E,18
Callosa d′en SarriàSacos,168,11.1,2.6,11.1,3.8,,61,0.0,0.0,3,SSO,7
ConfridesPensió El Pirineo,772,6.2,-1.1,6.9,0.5,,67,0.2,0.2,5,O,15
Finestratla Cala,2,11.7,4.6,12.2,0.4,,46,0.0,0.0,3,SO,21
FinestratAjuntament,262,10.7,3.7,10.9,3.6,,62,0.0,0.0,10,SSE,29
Finestratel Realet,340,10.7,2.1,10.7,1.9,,55,0.0,0.0,9,SSO,30
la Vila Joiosa,39 +10,11.2,4.0,11.6,3.9,,61,0.0,0.0,3,E,18
la Vila JoiosaSalomó del Carabassot,77 +4,11.2,4.7,11.9,3.6,,60,0.0,0.0,6,SE,9
Orxeta,177,11.5,3.0,11.6,4.6,,63,0.0,0.0,5,SO,18
Polop,250 +9,11.4,5.1,11.4,2.1,,53,0.0,0.0,3,SSE,27
Sella,420 +8,10.7,2.4,11.0,1.4,,53,0.0,0.0,4,SSE,20
Sellael Xarquer,490 +2,9.2,3.5,10.1,1.3,,58,0.0,0.0,3,SSO,26
Tàrbena,559 +15,8.0,2.7,8.1,-1.1,5.7,53,0.0,0.0,13,NNE,31
l′Alacantí,l′Alacantí,l′Alacantí,l′Alacantí,l′Alacantí,l′Alacantí,l′Alacantí,l′Alacantí,l′Alacantí,l′Alacantí,l′Alacantí,l′Alacantí,l′Alacantí
Agostel Ventós,422,11.2,1.3,11.6,1.6,,52,0.0,0.0,0,ONO,13
Alacantel Rebolledo CETRA,137 +8,12.4,2.1,12.4,,,,0.0,0.0,5,SE,11
AlacantRabassa,79 +11,11.5,2.9,11.8,3.4,,58,0.0,0.0,8,S,15
BusotPolicia Local,275 +9,10.3,4.2,10.4,2.6,,59,0.0,0.0,13,SSO,16
el CampelloEl Vincle,38 +11,11.8,4.8,12.1,4.9,,63,0.0,0.0,13,SSE,21
la Torre de les Maçanesla Canaleta,945 +2,6.4,-0.2,6.6,0.4,4.4,66,0.2,0.2,10,N,24
Sant Vicent del Raspeigel Rabosar,103 +7,12.2,1.7,12.2,2.8,,53,0.0,0.0,5,SSE,13
Sant Vicent del Raspeig,102,11.9,2.8,12.2,3.8,,58,,,8,SE,16
Xixonala Sarga,824 +2,6.6,-0.1,6.9,0.2,,64,0.0,0.0,4,E,11
XixonaCamí Bugaia,772 +2,9.1,1.3,10.2,-2.0,8.8,46,0.0,0.0,5,NE,30
XixonaCantal de Tormo,600 +2,9.6,1.6,10.5,1.2,,56,0.0,0.0,5,SE,13
XixonaMontnegre de Baix,216 +4,12.4,3.2,12.8,2.7,,52,0.0,0.0,1,SE,12
XixonaPou de Neu el Surdo,1.105 +2,3.1,-2.2,3.1,2.4,0.1,95,1.3,1.3,11,N,26
XixonaRambla de La Sarga,769 +2,4.7,-1.4,5.2,1.3,,79,0.0,0.0,0,NE,7
XixonaSegorb Barranc Blanc,360,10.9,3.0,11.3,1.9,,54,0.0,0.0,14,ESE,28
XixonaSegorb-Vistabella,444 +3,11.2,3.4,11.5,1.9,,53,,,5,ENE,18
XixonaZona Alta,490 +2,9.4,2.4,10.6,1.2,,57,0.0,0.0,1,SSE,12
el Baix Vinalopó,el Baix Vinalopó,el Baix Vinalopó,el Baix Vinalopó,el Baix Vinalopó,el Baix Vinalopó,el Baix Vinalopó,el Baix Vinalopó,el Baix Vinalopó,el Baix Vinalopó,el Baix Vinalopó,el Baix Vinalopó,el Baix Vinalopó
Crevillentel Realengo,6 +5,13.0,-0.1,13.2,2.7,,50,0.0,0.0,5,SSO,16
ElxAtzavares Alt,62,12.8,4.7,12.8,2.0,,48,0.0,0.0,2,SSE,26
ElxTorrellano CEIP Antonio Machado,61 +10,12.9,4.4,13.1,3.2,,52,0.0,0.0,3,NNO,16
ElxVallverda Ermita Vella,21 +3,13.2,1.2,13.5,3.5,,52,0.0,0.0,8,SSE,10
ElxCarrús,111 +17,11.8,4.6,11.9,1.9,,51,0.0,0.0,3,SE,24
Elxla Baia,21 +14,12.4,5.2,12.5,1.6,,48,0.0,0.0,5,S,22
Santa PolaAjuntament,10,11.8,5.4,11.9,4.0,,59,0.0,0.0,8,SSO,19
Santa PolaUrb. Gran Alacant,112,10.6,4.4,11.5,4.7,,67,0.0,0.0,2,ESE,19
el Baix Segura,el Baix Segura,el Baix Segura,el Baix Segura,el Baix Segura,el Baix Segura,el Baix Segura,el Baix Segura,el Baix Segura,el Baix Segura,el Baix Segura,el Baix Segura,el Baix Segura
BigastreLo Chusco,52,11.6,4.8,11.7,1.4,,50,,,6,SSO,22
Formentera del SeguraLos Palacios,2,12.2,2.9,12.3,1.7,,49,0.0,0.0,1,SE,11
Guardamar del Segura,15 +20,11.8,3.4,11.8,2.4,,53,0.0,0.0,4,NNE,19
Oriolacentre,50,12.3,2.5,13.0,2.9,,53,,,7,SSO,13
Torrevella,2 +12,11.7,5.2,11.8,3.6,,58,3.4,3.4,2,SE,19